reference_designator,function,category,quantity,manufacturer,exact_MPN,package,value,rating,tolerance,pins,datasheet/source,provenance,selection_status,notes,measurement_purpose,validation_test_id,verification
J1,DC input,A. DC input / protection,1,Phoenix Contact,1729010,2-pin 5.08 mm pluggable terminal,2 position,"{""voltage"": "">=15 V"", ""current"": "">=2 A""}",TBD,"[{""pin"": ""1"", ""name"": ""VIN+"", ""role"": ""DC positive""}, {""pin"": ""2"", ""name"": ""VIN-"", ""role"": ""DC return""}]",DATASHEET/TBD,CANDIDATE,CANDIDATE,Verify contact rating and exact land pattern before layout.,,,
F1,Input overcurrent fuse,A. DC input / protection,1,Littelfuse,0453002.NRL,1206 fuse,3 A,"{""voltage"": ""45 V"", ""current"": ""3 A""}",TBD,"[{""pin"": ""1"", ""name"": ""IN"", ""role"": ""fused input""}, {""pin"": ""2"", ""name"": ""OUT"", ""role"": ""protected input""}]",DATASHEET/TBD,DATASHEET,CANDIDATE,Interrupt rating and pulse behavior require final datasheet review.,,,
D1,Reverse-polarity protection,A. DC input / protection,1,STMicroelectronics,STPS3L60U,SMC,Schottky diode,"{""voltage"": ""60 V"", ""current"": ""3 A""}",TBD,"[{""pin"": ""1"", ""name"": ""A"", ""role"": ""input protection""}, {""pin"": ""2"", ""name"": ""K"", ""role"": ""protected VIN""}]",DATASHEET/TBD,DATASHEET,CANDIDATE,Check dissipation at 2 A and reverse-polarity topology.,,,
C1,Input bulk capacitor,A. DC input / protection,1,Panasonic,EEU-FR1E102,Radial electrolytic,1000 uF,"{""voltage"": ""25 V"", ""ripple"": ""TBD""}",20%,"[{""pin"": ""1"", ""name"": ""+"", ""role"": ""VIN bulk""}, {""pin"": ""2"", ""name"": ""-"", ""role"": ""VIN return""}]",DATASHEET/TBD,DESIGN_TARGET,CANDIDATE,Source input transient/ripple support; verify ripple-current rating.,,,
Q1,Linear load MOSFET branch 1,B. MOSFET power stage,1,onsemi,BUZ11,TO-220AB,N-channel MOSFET,"{""VDS"": ""50 V"", ""ID"": ""38 A headline; linear SOA governs"", ""power"": ""SOA governed""}",TBD,"[{""pin"": ""1"", ""name"": ""G"", ""role"": ""RG1 gate""}, {""pin"": ""2"", ""name"": ""D"", ""role"": ""VIN/load drain""}, {""pin"": ""3"", ""name"": ""S"", ""role"": ""RB1/shunt source""}]",https://www.onsemi.com/pdf/datasheet/buz11-d.pdf,DATASHEET,CANDIDATE,Exact lot and DC linear SOA require confirmation.,,,
Q2,Linear load MOSFET branch 2,B. MOSFET power stage,1,onsemi,BUZ11,TO-220AB,N-channel MOSFET,"{""VDS"": ""50 V"", ""ID"": ""38 A headline; linear SOA governs"", ""power"": ""SOA governed""}",TBD,"[{""pin"": ""1"", ""name"": ""G"", ""role"": ""RG2 gate""}, {""pin"": ""2"", ""name"": ""D"", ""role"": ""VIN/load drain""}, {""pin"": ""3"", ""name"": ""S"", ""role"": ""RB2/shunt source""}]",https://www.onsemi.com/pdf/datasheet/buz11-d.pdf,DATASHEET,CANDIDATE,Independent branch; exact lot and SOA require confirmation.,,,
Q3,Linear load MOSFET branch 3,B. MOSFET power stage,1,onsemi,BUZ11,TO-220AB,N-channel MOSFET,"{""VDS"": ""50 V"", ""ID"": ""38 A headline; linear SOA governs"", ""power"": ""SOA governed""}",TBD,"[{""pin"": ""1"", ""name"": ""G"", ""role"": ""RG3 gate""}, {""pin"": ""2"", ""name"": ""D"", ""role"": ""VIN/load drain""}, {""pin"": ""3"", ""name"": ""S"", ""role"": ""RB3/shunt source""}]",https://www.onsemi.com/pdf/datasheet/buz11-d.pdf,DATASHEET,CANDIDATE,Independent branch; exact lot and SOA require confirmation.,,,
Q4,Linear load MOSFET branch 4,B. MOSFET power stage,1,onsemi,BUZ11,TO-220AB,N-channel MOSFET,"{""VDS"": ""50 V"", ""ID"": ""38 A headline; linear SOA governs"", ""power"": ""SOA governed""}",TBD,"[{""pin"": ""1"", ""name"": ""G"", ""role"": ""RG4 gate""}, {""pin"": ""2"", ""name"": ""D"", ""role"": ""VIN/load drain""}, {""pin"": ""3"", ""name"": ""S"", ""role"": ""RB4/shunt source""}]",https://www.onsemi.com/pdf/datasheet/buz11-d.pdf,DATASHEET,CANDIDATE,Independent branch; exact lot and SOA require confirmation.,,,
R1-R4,"Source ballast resistors, one per MOSFET",B. MOSFET power stage,4,Vishay,WSL3637 0R10 3W candidate,WSL3637 power resistor,0.1 ohm,"{""power"": ""3 W""}",1%,"[{""pin"": ""1"", ""name"": ""Sx"", ""role"": ""MOSFET source""}, {""pin"": ""2"", ""name"": ""SHUNT"", ""role"": ""shared current return""}]",TBD,CANDIDATE,CANDIDATE,Four independent footprints; exact ordering code and TCR require final verification.,,,
RG1-RG4,"Gate damping resistors, one per MOSFET",B. MOSFET power stage,4,Yageo,RC2512FR-071KL,2512,1 kohm,"{""voltage"": ""200 V"", ""power"": ""1 W""}",1%,"[{""pin"": ""1"", ""name"": ""GATE_BUS"", ""role"": ""inhibit switch output""}, {""pin"": ""2"", ""name"": ""Gx"", ""role"": ""MOSFET gate""}]",DATASHEET/TBD,DATASHEET,DESIGN_SELECTED,One resistor per branch; pulse and layout review required.,,,
RPD1-RPD4,Gate-source pull-down resistors,B. MOSFET power stage,4,Yageo,RC1206FR-07100KL,1206,100 kohm,"{""voltage"": ""200 V"", ""power"": ""0.25 W""}",1%,"[{""pin"": ""1"", ""name"": ""Gx"", ""role"": ""gate""}, {""pin"": ""2"", ""name"": ""Sx"", ""role"": ""source""}]",DATASHEET/TBD,DATASHEET,DESIGN_SELECTED,Forces default gate-off when inhibit path opens.,,,
DZ1-DZ4,Gate-source clamp zeners,B. MOSFET power stage,4,Diodes Incorporated,BZT52C8V2-7-F,SOD-123,8.2 V,"{""power"": ""0.5 W""}",5%,"[{""pin"": ""1"", ""name"": ""K"", ""role"": ""gate""}, {""pin"": ""2"", ""name"": ""A"", ""role"": ""source""}]",DATASHEET/TBD,DATASHEET,CANDIDATE,Verify dynamic clamp at the gate transient current.,,,
U1,Current-sense amplifier,C. Current sensing,1,Texas Instruments,INA180A3IDBVR,SOT-23-5 DBV,100 V/V,"{""voltage"": ""2.7-5.5 V"", ""current"": ""260 uA max""}",1% gain error,"[{""pin"": ""1"", ""name"": ""IN+"", ""role"": ""shunt Kelvin positive""}, {""pin"": ""2"", ""name"": ""GND"", ""role"": ""analog ground""}, {""pin"": ""3"", ""name"": ""IN-"", ""role"": ""shunt Kelvin negative""}, {""pin"": ""4"", ""name"": ""OUT"", ""role"": ""I_SENSE""}, {""pin"": ""5"", ""name"": ""VS"", ""role"": ""3V3""}]",https://www.ti.com/lit/ds/symlink/ina180.pdf,DATASHEET,DESIGN_SELECTED,ADC error and calibration remain physical validation.,,,
U2,Dual analog error/control amplifier,D. Analog control,1,Texas Instruments,LM358BIDR,SOIC-8 D,dual op amp,"{""voltage"": ""3-36 V""}",TBD,"[{""pin"": ""1"", ""name"": ""OUTA"", ""role"": ""gate/control""}, {""pin"": ""2"", ""name"": ""INA-"", ""role"": ""feedback""}, {""pin"": ""3"", ""name"": ""INA+"", ""role"": ""VSET""}, {""pin"": ""4"", ""name"": ""V-"", ""role"": ""GND""}, {""pin"": ""5"", ""name"": ""INB+"", ""role"": ""spare""}, {""pin"": ""6"", ""name"": ""INB-"", ""role"": ""spare""}, {""pin"": ""7"", ""name"": ""OUTB"", ""role"": ""spare""}, {""pin"": ""8"", ""name"": ""V+"", ""role"": ""5V""}]",https://www.ti.com/lit/ds/symlink/lm358.pdf,DATASHEET,DESIGN_SELECTED,Gate loading and loop response remain hardware validation.,,,
U3,12-bit setpoint DAC,E. DAC / reference,1,Microchip,MCP4725A0T-E/CH,SOT-23-6 CH,12-bit I2C DAC,"{""voltage"": ""2.7-5.5 V"", ""current"": ""400 uA max""}",TBD,"[{""pin"": ""1"", ""name"": ""VDD"", ""role"": ""3V3""}, {""pin"": ""2"", ""name"": ""VOUT"", ""role"": ""VSET""}, {""pin"": ""3"", ""name"": ""VSS"", ""role"": ""GND""}, {""pin"": ""4"", ""name"": ""SDA"", ""role"": ""GPIO21""}, {""pin"": ""5"", ""name"": ""SCL"", ""role"": ""GPIO22""}, {""pin"": ""6"", ""name"": ""A0"", ""role"": ""address strap""}]",https://ww1.microchip.com/downloads/en/DeviceDoc/22039d.pdf,DATASHEET,DESIGN_SELECTED,Do not rely on DAC POR for safety; hardware inhibit is independent.,,,
U4,Wi-Fi MCU and local web controller,F. ESP32 / MCU,1,Espressif,ESP32-WROOM-32E,38-pin module,ESP32-WROOM-32E,"{""voltage"": ""3.0-3.6 V"", ""current"": ""0.5 A peak design allowance""}",TBD,"[{""pin"": ""1"", ""name"": ""GND"", ""role"": ""GND return""}, {""pin"": ""2"", ""name"": ""3V3"", ""role"": ""3V3 supply""}, {""pin"": ""3"", ""name"": ""EN"", ""role"": ""reset""}, {""pin"": ""4"", ""name"": ""SENSOR_VP"", ""role"": ""unused; no-connect in R1"", ""gpio"": ""GPIO36""}, {""pin"": ""5"", ""name"": ""SENSOR_VN"", ""role"": ""NTC ADC"", ""gpio"": ""GPIO39""}, {""pin"": ""6"", ""name"": ""GPIO34"", ""role"": ""VIN ADC"", ""gpio"": ""GPIO34""}, {""pin"": ""7"", ""name"": ""GPIO35"", ""role"": ""current ADC"", ""gpio"": ""GPIO35""}, {""pin"": ""8"", ""name"": ""GPIO32"", ""role"": ""unused; no-connect in R1"", ""gpio"": ""GPIO32""}, {""pin"": ""9"", ""name"": ""GPIO33"", ""role"": ""ESTOP monitor"", ""gpio"": ""GPIO33""}, {""pin"": ""10"", ""name"": ""GPIO25"", ""role"": ""MCU_RUN"", ""gpio"": ""GPIO25""}, {""pin"": ""11"", ""name"": ""GPIO26"", ""role"": ""fan control"", ""gpio"": ""GPIO26""}, {""pin"": ""12"", ""name"": ""GPIO27"", ""role"": ""fault"", ""gpio"": ""GPIO27""}, {""pin"": ""13"", ""name"": ""GPIO14"", ""role"": ""unused; no-connect in R1"", ""gpio"": ""GPIO14""}, {""pin"": ""14"", ""name"": ""GPIO12"", ""role"": ""unused; no-connect in R1"", ""gpio"": ""GPIO12""}, {""pin"": ""15"", ""name"": ""GND"", ""role"": ""GND return""}, {""pin"": ""16"", ""name"": ""GPIO13"", ""role"": ""unused; no-connect in R1"", ""gpio"": ""GPIO13""}, {""pin"": ""17"", ""name"": ""SD2"", ""role"": ""unused; no-connect in R1"", ""gpio"": ""GPIO9""}, {""pin"": ""18"", ""name"": ""SD3"", ""role"": ""unused; no-connect in R1"", ""gpio"": ""GPIO10""}, {""pin"": ""19"", ""name"": ""CMD"", ""role"": ""unused; no-connect in R1"", ""gpio"": ""GPIO11""}, {""pin"": ""20"", ""name"": ""CLK"", ""role"": ""unused; no-connect in R1"", ""gpio"": ""GPIO6""}, {""pin"": ""21"", ""name"": ""SD0"", ""role"": ""unused; no-connect in R1"", ""gpio"": ""GPIO7""}, {""pin"": ""22"", ""name"": ""SD1"", ""role"": ""unused; no-connect in R1"", ""gpio"": ""GPIO8""}, {""pin"": ""23"", ""name"": ""GND"", ""role"": ""GND return""}, {""pin"": ""24"", ""name"": ""GPIO15"", ""role"": ""unused; no-connect in R1"", ""gpio"": ""GPIO15""}, {""pin"": ""25"", ""name"": ""GPIO0"", ""role"": ""boot strap"", ""gpio"": ""GPIO0""}, {""pin"": ""26"", ""name"": ""GPIO2"", ""role"": ""unused; no-connect in R1"", ""gpio"": ""GPIO2""}, {""pin"": ""27"", ""name"": ""GPIO4"", ""role"": ""unused; no-connect in R1"", ""gpio"": ""GPIO4""}, {""pin"": ""28"", ""name"": ""GPIO16"", ""role"": ""unused; no-connect in R1"", ""gpio"": ""GPIO16""}, {""pin"": ""29"", ""name"": ""GPIO17"", ""role"": ""unused; no-connect in R1"", ""gpio"": ""GPIO17""}, {""pin"": ""30"", ""name"": ""GPIO5"", ""role"": ""unused; no-connect in R1"", ""gpio"": ""GPIO5""}, {""pin"": ""31"", ""name"": ""GPIO18"", ""role"": ""unused; encoder function removed"", ""gpio"": ""GPIO18""}, {""pin"": ""32"", ""name"": ""GPIO19"", ""role"": ""unused; encoder function removed"", ""gpio"": ""GPIO19""}, {""pin"": ""33"", ""name"": ""GPIO21"", ""role"": ""I2C SDA"", ""gpio"": ""GPIO21""}, {""pin"": ""34"", ""name"": ""U0RXD"", ""role"": ""UART RX"", ""gpio"": ""GPIO3""}, {""pin"": ""35"", ""name"": ""U0TXD"", ""role"": ""UART TX"", ""gpio"": ""GPIO1""}, {""pin"": ""36"", ""name"": ""GPIO22"", ""role"": ""I2C SCL"", ""gpio"": ""GPIO22""}, {""pin"": ""37"", ""name"": ""GPIO23"", ""role"": ""unused; encoder function removed"", ""gpio"": ""GPIO23""}, {""pin"": ""38"", ""name"": ""GND"", ""role"": ""GND return""}]",https://www.espressif.com/sites/default/files/documentation/esp32-wroom-32e_datasheet_en.pdf,DATASHEET_VERIFIED,DESIGN_SELECTED,"Antenna keepout, module land pattern, programming access and Wi-Fi current are required.",,,"{""manufacturer"": ""Espressif"", ""mpn"": ""ESP32-WROOM-32E"", ""package"": ""38-pin module"", ""datasheet"": ""https://www.espressif.com/sites/default/files/documentation/esp32-wroom-32e_datasheet_en.pdf"", ""pin_source"": ""ESP32-WROOM-32E datasheet, module pin table"", ""verification_date"": ""2026-10-07"", ""provenance"": ""DATASHEET_VERIFIED""}"
R5,VIN divider high-side,G. Voltage sensing,1,Yageo,RC0603FR-0733KL,0603,33 kohm,"{""voltage"": ""50 V"", ""power"": ""0.1 W""}",1%,"[{""pin"": ""1"", ""name"": ""VIN"", ""role"": ""divider input""}, {""pin"": ""2"", ""name"": ""VIN_SENSE"", ""role"": ""ADC""}]",DATASHEET/TBD,DATASHEET,DESIGN_SELECTED,Pairs with R6 for VIN ADC scaling.,,,
R6,VIN divider low-side,G. Voltage sensing,1,Yageo,RC0603FR-077K5L,0603,7.5 kohm,"{""voltage"": ""50 V"", ""power"": ""0.1 W""}",1%,"[{""pin"": ""1"", ""name"": ""VIN_SENSE"", ""role"": ""divider output""}, {""pin"": ""2"", ""name"": ""GND"", ""role"": ""return""}]",DATASHEET/TBD,DATASHEET,DESIGN_SELECTED,VIN ADC scaling and impedance.,,,
R7,NTC divider reference,H. Thermal sensing / fan,1,Yageo,RC1206FR-07100KL,1206,10 kohm,"{""voltage"": ""50 V"", ""power"": ""0.25 W""}",1%,"[{""pin"": ""1"", ""name"": ""3V3"", ""role"": ""divider supply""}, {""pin"": ""2"", ""name"": ""NTC_SENSE"", ""role"": ""ADC""}]",DATASHEET/TBD,DATASHEET,DESIGN_SELECTED,Reference resistor for NTC transfer.,,,
FAN1,Forced-air cooling fan,H. Thermal sensing / fan,1,Sunon,MF40101V2-1000U-A99 candidate,40 mm fan,>=10 CFM design target,"{""voltage"": ""TBD"", ""current"": ""TBD""}",TBD,"[{""pin"": ""1"", ""name"": ""FAN+"", ""role"": ""fan supply""}, {""pin"": ""2"", ""name"": ""FAN-"", ""role"": ""switched return""}]",TBD,DESIGN_TARGET,CANDIDATE,Exact voltage/startup current must be matched to JFAN and driver.,,,
Q5,Fan low-side driver,I. Fan control,1,Diodes Incorporated,BSS138-7-F,SOT-23,N-channel MOSFET,"{""voltage"": ""50 V"", ""current"": ""0.22 A""}",TBD,"[{""pin"": ""1"", ""name"": ""G"", ""role"": ""GPIO26 via gate resistor""}, {""pin"": ""2"", ""name"": ""S"", ""role"": ""GND""}, {""pin"": ""3"", ""name"": ""D"", ""role"": ""FAN-""}]",DATASHEET/TBD,DATASHEET,CANDIDATE,Validate fan startup current and dissipation.,,,
D2,Fan flyback diode,I. Fan control,1,Diodes Incorporated,1N5819W-7-F,SOD-123,Schottky,"{""voltage"": ""40 V"", ""current"": ""1 A""}",TBD,"[{""pin"": ""1"", ""name"": ""A"", ""role"": ""FAN-""}, {""pin"": ""2"", ""name"": ""K"", ""role"": ""FAN+""}]",DATASHEET/TBD,DATASHEET,CANDIDATE,Inductive fan transient suppression.,,,
U5,5 V regulator,J. Power rails,1,STMicroelectronics,L7805CV,TO-220,5 V linear regulator,"{""voltage"": ""35 V input"", ""current"": ""1.5 A family""}",TBD,"[{""pin"": ""1"", ""name"": ""IN"", ""role"": ""VIN""}, {""pin"": ""2"", ""name"": ""GND"", ""role"": ""GND""}, {""pin"": ""3"", ""name"": ""OUT"", ""role"": ""5V""}]",https://www.st.com/resource/en/datasheet/l7805.pdf,DATASHEET,CANDIDATE,At 15 V/150 mA calculated dissipation is 1.5 W; thermal design required.,,,
U6,3.3 V Wi-Fi rail regulator,J. Power rails,1,Texas Instruments,TLV76733PDBVR,SOT-23-5 (DBV),"3.3 V, 1 A","{""voltage"": ""16 V max input"", ""current"": ""1 A""}",TBD,"[{""pin"":""1"",""name"":""IN"",""role"":""5V input""},{""pin"":""2"",""name"":""GND"",""role"":""ground""},{""pin"":""3"",""name"":""EN"",""role"":""always-on enable""},{""pin"":""4"",""name"":""DNC"",""role"":""no connect""},{""pin"":""5"",""name"":""OUT"",""role"":""3V3 output""}]",https://www.ti.com/lit/ds/symlink/tlv767.pdf,DATASHEET_VERIFIED,CANDIDATE,"Fixed 3.3 V TLV767 DBV mapping verified from TI SLVSE84D: 1 IN, 2 GND, 3 EN, 4 DNC, 5 OUT.",,,"{""manufacturer"": ""Texas Instruments"", ""mpn"": ""TLV76733PDBVR"", ""package"": ""SOT-23-5 (DBV)"", ""datasheet"": ""https://www.ti.com/lit/ds/symlink/tlv767.pdf"", ""pin_source"": ""TI TLV767 datasheet, fixed DBV package pin configuration and functions"", ""verification_date"": ""2026-10-07"", ""provenance"": ""DATASHEET_VERIFIED""}"
C2,5 V regulator input capacitor,J. Power rails,1,Murata,GRM21BR71E106KA73L,0805,10 uF,"{""voltage"": ""25 V""}",10%,"[{""pin"": ""1"", ""name"": ""5V_IN"", ""role"": ""regulator bypass""}, {""pin"": ""2"", ""name"": ""GND"", ""role"": ""return""}]",DATASHEET/TBD,DATASHEET,CANDIDATE,Confirm regulator stability requirements.,,,
C3,5 V regulator output capacitor,J. Power rails,1,Murata,GRM21BR71A106KE51L,0805,10 uF,"{""voltage"": ""10 V""}",10%,"[{""pin"": ""1"", ""name"": ""5V"", ""role"": ""regulator output""}, {""pin"": ""2"", ""name"": ""GND"", ""role"": ""return""}]",DATASHEET/TBD,DATASHEET,CANDIDATE,Confirm regulator stability requirements.,,,
C4,3.3 V rail bulk capacitor,J. Power rails,1,Murata,GRM21BR71A106KE51L,0805,10 uF,"{""voltage"": ""10 V""}",10%,"[{""pin"": ""1"", ""name"": ""3V3"", ""role"": ""ESP32 transient support""}, {""pin"": ""2"", ""name"": ""GND"", ""role"": ""return""}]",DATASHEET/TBD,DATASHEET,CANDIDATE,Place at ESP32/regulator power entry.,,,
SW1,"Physical Emergency STOP, normally closed and latching",K. Fault / safety / Emergency STOP,1,E-Switch,PV6F240SS-3R candidate,Panel-mount mushroom switch,NC contact,"{""voltage"": ""24 V design"", ""current"": ""TBD""}",TBD,"[{""pin"": ""1"", ""name"": ""ESTOP_OK"", ""role"": ""NC loop""}, {""pin"": ""2"", ""name"": ""ESTOP_RETURN"", ""role"": ""hardware inhibit""}]",TBD,DESIGN_TARGET,CANDIDATE,Independent of Wi-Fi/browser/firmware; open contact forces gate inhibit.,,,
U7,3.3 V reset supervisor,K. Fault / safety / Emergency STOP,1,Texas Instruments,TPS3839K33DBZR,SOT-23-3,3.3 V supervisor,"{""voltage"": ""1.6-6.5 V""}",TBD,"[{""pin"": ""1"", ""name"": ""GND"", ""role"": ""GND""}, {""pin"": ""2"", ""name"": ""RESET"", ""role"": ""RESET_OK logic""}, {""pin"": ""3"", ""name"": ""VDD"", ""role"": ""3V3""}]",TBD,DATASHEET,CANDIDATE,Verify active polarity and exact package pinout.,,,
U8,Run/fault logic inverter,K. Fault / safety / Emergency STOP,1,Texas Instruments,SN74LVC1G04DBVR,SOT-23-5 (DBV),single inverter,"{""voltage"": ""1.65-5.5 V""}",TBD,"[{""pin"": ""1"", ""name"": ""NC"", ""role"": ""No internal connection; leave unconnected""}, {""pin"": ""2"", ""name"": ""A"", ""role"": ""logic input""}, {""pin"": ""3"", ""name"": ""GND"", ""role"": ""GND""}, {""pin"": ""4"", ""name"": ""Y"", ""role"": ""inverted logic output""}, {""pin"": ""5"", ""name"": ""VCC"", ""role"": ""3V3""}]",https://www.ti.com/lit/ds/symlink/sn74lvc1g04.pdf,DATASHEET_VERIFIED,DESIGN_SELECTED,Default-safe control logic; exact pinout verify.,,,"{""manufacturer"": ""Texas Instruments"", ""mpn"": ""SN74LVC1G04DBVR"", ""package"": ""SOT-23-5 (DBV)"", ""datasheet"": ""https://www.ti.com/lit/ds/symlink/sn74lvc1g04.pdf"", ""pin_source"": ""TI SN74LVC1G04 datasheet, DBV package pin configuration"", ""verification_date"": ""2026-10-07"", ""provenance"": ""DATASHEET_VERIFIED""}"
U9,Analog gate-control inhibit switch,K. Fault / safety / Emergency STOP,1,Analog Devices,ADG884BRMZ,MSOP-10,dual SPST analog switch,"{""voltage"": ""1.8-5.5 V""}",TBD,"[{""pin"": ""1"", ""name"": ""VDD"", ""role"": ""3V3 supply""}, {""pin"": ""2"", ""name"": ""S1A"", ""role"": ""SPDT channel 1 throw A""}, {""pin"": ""3"", ""name"": ""D1"", ""role"": ""SPDT channel 1 common""}, {""pin"": ""4"", ""name"": ""IN1"", ""role"": ""channel 1 logic control""}, {""pin"": ""5"", ""name"": ""S1B"", ""role"": ""SPDT channel 1 throw B""}, {""pin"": ""6"", ""name"": ""GND"", ""role"": ""GND""}, {""pin"": ""7"", ""name"": ""S2B"", ""role"": ""SPDT channel 2 throw B""}, {""pin"": ""8"", ""name"": ""IN2"", ""role"": ""channel 2 logic control""}, {""pin"": ""9"", ""name"": ""D2"", ""role"": ""SPDT channel 2 common""}, {""pin"": ""10"", ""name"": ""S2A"", ""role"": ""SPDT channel 2 throw A""}]",https://www.analog.com/media/en/technical-documentation/data-sheets/ADG884.pdf,DATASHEET_VERIFIED,CANDIDATE,Normally-open effective gate path; all safe states open it.,,,"{""manufacturer"": ""Analog Devices"", ""mpn"": ""ADG884BRMZ"", ""package"": ""MSOP-10"", ""datasheet"": ""https://www.analog.com/media/en/technical-documentation/data-sheets/ADG884.pdf"", ""pin_source"": ""Analog Devices ADG884 datasheet, MSOP-10 pin configuration"", ""verification_date"": ""2026-10-07"", ""provenance"": ""DATASHEET_VERIFIED""}"
R10,Hardware inhibit default pull-down,K. Fault / safety / Emergency STOP,1,Yageo,RC0603FR-07100KL,0603,100 kohm,"{""voltage"": ""50 V"", ""power"": ""0.1 W""}",1%,"[{""pin"": ""1"", ""name"": ""MCU_RUN"", ""role"": ""enable""}, {""pin"": ""2"", ""name"": ""GND"", ""role"": ""default off""}]",TBD,DATASHEET,DESIGN_SELECTED,Forces run-enable false when MCU is absent.,,,
R11,Fault logic pull-up,K. Fault / safety / Emergency STOP,1,Yageo,RC0603FR-0710KL,0603,10 kohm,"{""voltage"": ""50 V"", ""power"": ""0.1 W""}",1%,"[{""pin"": ""1"", ""name"": ""3V3"", ""role"": ""logic bias""}, {""pin"": ""2"", ""name"": ""FAULT"", ""role"": ""fault input""}]",TBD,DATASHEET,DESIGN_SELECTED,Fault path default and latch review required.,,,
TP1,VIN test point,L. Test points,1,Keystone,5000,Through-hole test point,VIN,"{""voltage"": ""30 V""}",TBD,"[{""pin"": ""1"", ""name"": ""VIN"", ""role"": ""measurement access""}]",TBD,DESIGN_TARGET,DESIGN_SELECTED,Hardware validation access.,,,
TP2,5V validation test point,L. Test points,1,Keystone,5000,Through-hole test point,5V,"{""voltage"": ""30 V max""}",TBD,"[{""pin"": ""1"", ""name"": ""5V"", ""role"": ""measurement access""}]",TBD,DESIGN_TARGET,DESIGN_SELECTED,Explicit 5V measurement node; validation test HV-POWER-05V.,5 V rail measurement,HV-POWER-05V,
TP3,3V3 validation test point,L. Test points,1,Keystone,5000,Through-hole test point,3V3,"{""voltage"": ""30 V max""}",TBD,"[{""pin"": ""1"", ""name"": ""3V3"", ""role"": ""measurement access""}]",TBD,DESIGN_TARGET,DESIGN_SELECTED,Explicit 3V3 measurement node; validation test HV-POWER-03V3.,3.3 V rail measurement,HV-POWER-03V3,
TP4,VSET validation test point,L. Test points,1,Keystone,5000,Through-hole test point,VSET,"{""voltage"": ""30 V max""}",TBD,"[{""pin"": ""1"", ""name"": ""VSET"", ""role"": ""measurement access""}]",TBD,DESIGN_TARGET,DESIGN_SELECTED,Explicit VSET measurement node; validation test HV-DAC-01.,DAC setpoint measurement,HV-DAC-01,
TP5,I_SENSE validation test point,L. Test points,1,Keystone,5000,Through-hole test point,I_SENSE,"{""voltage"": ""30 V max""}",TBD,"[{""pin"": ""1"", ""name"": ""I_SENSE"", ""role"": ""measurement access""}]",TBD,DESIGN_TARGET,DESIGN_SELECTED,Explicit I_SENSE measurement node; validation test HV-SENSE-02.,Current amplifier output measurement,HV-SENSE-02,
TP6,V_SENSE validation test point,L. Test points,1,Keystone,5000,Through-hole test point,V_SENSE,"{""voltage"": ""30 V max""}",TBD,"[{""pin"": ""1"", ""name"": ""V_SENSE"", ""role"": ""measurement access""}]",TBD,DESIGN_TARGET,DESIGN_SELECTED,Explicit V_SENSE measurement node; validation test HV-SENSE-03.,VIN ADC divider measurement,HV-SENSE-03,
TP7,NTC_SENSE validation test point,L. Test points,1,Keystone,5000,Through-hole test point,NTC_SENSE,"{""voltage"": ""30 V max""}",TBD,"[{""pin"": ""1"", ""name"": ""NTC_SENSE"", ""role"": ""measurement access""}]",TBD,DESIGN_TARGET,DESIGN_SELECTED,Explicit NTC_SENSE measurement node; validation test HV-THERM-01.,Heatsink NTC divider measurement,HV-THERM-01,
TP8,FAULT validation test point,L. Test points,1,Keystone,5000,Through-hole test point,FAULT,"{""voltage"": ""30 V max""}",TBD,"[{""pin"": ""1"", ""name"": ""FAULT"", ""role"": ""measurement access""}]",TBD,DESIGN_TARGET,DESIGN_SELECTED,Explicit FAULT measurement node; validation test HV-SAFETY-03.,Fault logic state measurement,HV-SAFETY-03,
TP9,ESTOP_OK validation test point,L. Test points,1,Keystone,5000,Through-hole test point,ESTOP_OK,"{""voltage"": ""30 V max""}",TBD,"[{""pin"": ""1"", ""name"": ""ESTOP_OK"", ""role"": ""measurement access""}]",TBD,DESIGN_TARGET,DESIGN_SELECTED,Explicit ESTOP_OK measurement node; validation test HV-SAFETY-01.,Emergency-stop loop state measurement,HV-SAFETY-01,
TP10,GATE_BUS validation test point,L. Test points,1,Keystone,5000,Through-hole test point,GATE_BUS,"{""voltage"": ""30 V max""}",TBD,"[{""pin"": ""1"", ""name"": ""GATE_BUS"", ""role"": ""measurement access""}]",TBD,DESIGN_TARGET,DESIGN_SELECTED,Explicit GATE_BUS measurement node; validation test HV-SAFETY-04.,Gate-control bus/inhibit measurement,HV-SAFETY-04,
J2,Programming/debug/service UART,M. Programming / debug / service,1,Molex,53047-0210,1x2 1.27 mm board connector,TX/RX plus nearby GND pad,"{""voltage"": ""3.3 V""}",TBD,"[{""pin"": ""1"", ""name"": ""TX0"", ""role"": ""ESP32 GPIO1""}, {""pin"": ""2"", ""name"": ""RX0"", ""role"": ""ESP32 GPIO3""}]",TBD,DESIGN_TARGET,CANDIDATE,Service/programming only; no safety function.,,,
J3,External Emergency STOP loop,N. Connectors,1,Phoenix Contact,1729010,2-pin 5.08 mm terminal,Normally closed loop,"{""voltage"": ""24 V design"", ""current"": ""TBD""}",TBD,"[{""pin"": ""1"", ""name"": ""ESTOP_OK"", ""role"": ""NC field loop""}, {""pin"": ""2"", ""name"": ""ESTOP_RETURN"", ""role"": ""return""}]",TBD,DESIGN_TARGET,CANDIDATE,Pin orientation and safety marking required.,,,
J4,Fan connector,N. Connectors,1,Phoenix Contact,1729010,2-pin 5.08 mm terminal,FAN+ / FAN-,"{""voltage"": ""TBD"", ""current"": ""fan startup TBD""}",TBD,"[{""pin"": ""1"", ""name"": ""FAN+"", ""role"": ""fan supply""}, {""pin"": ""2"", ""name"": ""FAN-"", ""role"": ""switched return""}]",TBD,DESIGN_TARGET,CANDIDATE,Confirm fan startup contact rating.,,,
HS1,Shared MOSFET heatsink,O. Mechanical / thermal hardware,1,Fischer Elektronik,SK 56 100 SA candidate,TO-220 sink,RthetaSA <=1.5 K/W target,"{""voltage"": ""electrical isolation required""}",TBD,[],TBD,DESIGN_TARGET,CANDIDATE,Four isolated TO-220 positions; forced air; mechanical drawing required.,,,
TIM1,Electrical isolation and thermal interface,O. Mechanical / thermal hardware,4,TBD,TBD,TO-220 insulating pad,RthetaCS <=0.5 K/W target,"{""voltage"": ""isolation required""}",TBD,[],TBD,DESIGN_TARGET,TBD,Select pad/compound and mounting hardware as one validated stack.,,,
M1,Fan/heatsink mounting hardware,O. Mechanical / thermal hardware,1,TBD,TBD,Mechanical,40 mm fan and TO-220 isolated mounting,"{""voltage"": ""N/A""}",TBD,[],TBD,DESIGN_TARGET,TBD,Required mechanical drawing and clearance review.,,,
C5,VIN ADC filter,N. Passive components,1,Murata,GRM188R71H103KA01D,0603,10 nF,"{""voltage"": ""50 V""}",10%,"[{""pin"": ""1"", ""name"": ""VIN_SENSE"", ""role"": ""ADC filter""}, {""pin"": ""2"", ""name"": ""GND"", ""role"": ""return""}]",TBD,DATASHEET,DESIGN_SELECTED,Input-voltage ADC anti-noise filter.,,,
C6,Current-sense filter,N. Passive components,1,Murata,GRM188R71H103KA01D,0603,10 nF,"{""voltage"": ""50 V""}",10%,"[{""pin"": ""1"", ""name"": ""I_SENSE"", ""role"": ""ADC filter""}, {""pin"": ""2"", ""name"": ""GND"", ""role"": ""return""}]",TBD,DATASHEET,DESIGN_SELECTED,INA180 output filter.,,,
C7,DAC output filter,N. Passive components,1,Murata,GRM188R71H104KA01D,0603,100 nF,"{""voltage"": ""50 V""}",10%,"[{""pin"": ""1"", ""name"": ""VSET"", ""role"": ""DAC filter""}, {""pin"": ""2"", ""name"": ""GND"", ""role"": ""return""}]",TBD,DATASHEET,DESIGN_SELECTED,DAC/reference control filtering.,,,
C8-C12,IC and module local decoupling,N. Passive components,5,Murata,GRM188R71H104KA01D,0603,100 nF,"{""voltage"": ""50 V""}",10%,"[{""pin"": ""1"", ""name"": ""RAIL"", ""role"": ""local bypass""}, {""pin"": ""2"", ""name"": ""GND"", ""role"": ""return""}]",TBD,DATASHEET,DESIGN_SELECTED,Place at U1/U2/U3/U4 and safety logic supply pins.,,,
R12,I2C SDA pull-up,N. Passive components,1,Yageo,RC0603FR-074K7L,0603,4.7 kohm,"{""voltage"": ""50 V"", ""power"": ""0.1 W""}",1%,"[{""pin"": ""1"", ""name"": ""3V3"", ""role"": ""I2C pull-up""}, {""pin"": ""2"", ""name"": ""SDA"", ""role"": ""GPIO21""}]",TBD,DESIGN_TARGET,DESIGN_SELECTED,I2C bus pull-up.,,,
R13,I2C SCL pull-up,N. Passive components,1,Yageo,RC0603FR-074K7L,0603,4.7 kohm,"{""voltage"": ""50 V"", ""power"": ""0.1 W""}",1%,"[{""pin"": ""1"", ""name"": ""3V3"", ""role"": ""I2C pull-up""}, {""pin"": ""2"", ""name"": ""SCL"", ""role"": ""GPIO22""}]",TBD,DESIGN_TARGET,DESIGN_SELECTED,I2C bus pull-up.,,,
LED1,Status indicator,N. Passive components,1,Kingbright,KP-2012SGC,0805,green LED,"{""current"": ""2 mA design""}",TBD,"[{""pin"": ""1"", ""name"": ""A"", ""role"": ""status drive""}, {""pin"": ""2"", ""name"": ""K"", ""role"": ""return""}]",TBD,DESIGN_TARGET,CANDIDATE,Status indication only; web application is primary UI.,,,
R14,Status LED current limiter,N. Passive components,1,Yageo,RC0603FR-071KL,0603,1 kohm,"{""voltage"": ""50 V"", ""power"": ""0.1 W""}",1%,"[{""pin"": ""1"", ""name"": ""LED_DRIVE"", ""role"": ""current limit""}, {""pin"": ""2"", ""name"": ""LED_A"", ""role"": ""LED""}]",TBD,DESIGN_TARGET,DESIGN_SELECTED,LED current limit based on 3.3 V logic.,,,
RSH1,Kelvin load-current shunt,C. Current sensing,1,Vishay,WSL3637 0R010 3W candidate,WSL3637 Kelvin power resistor,0.01 ohm,"{""current"": ""2 A design"", ""power"": ""3 W""}",1%,"[{""pin"": ""1"", ""name"": ""LOAD_RETURN"", ""role"": ""high-current terminal""}, {""pin"": ""2"", ""name"": ""SENSE-"", ""role"": ""Kelvin sense""}, {""pin"": ""3"", ""name"": ""SENSE+"", ""role"": ""Kelvin sense""}, {""pin"": ""4"", ""name"": ""POWER_RETURN"", ""role"": ""high-current terminal""}]",TBD,CANDIDATE,CANDIDATE,High-current terminals and Kelvin sense pads are separate.,,,
TH1,Heatsink temperature sensor,H. Thermal sensing / fan,1,TDK,B57540G1103F000,Radial NTC,10 kohm beta 3988 K candidate,"{""voltage"": ""TBD""}",1% at 25 C,"[{""pin"": ""1"", ""name"": ""NTC_SENSE"", ""role"": ""ADC divider""}, {""pin"": ""2"", ""name"": ""GND"", ""role"": ""return""}]",TBD,DATASHEET,CANDIDATE,Mount at representative hottest sink location.,,,
